項次,相關的Solution,關鍵字,機關名稱,標案案號,標案名稱,傳輸次數,招標方式,採購性質,公告日期,截止投標,預算金額,詳細連結,機關代碼,單位名稱,機關地址,聯絡人,聯絡電話,電子郵件信箱,標的分類,採購金額級距,辦理方式,決標方式,招標狀態,開標時間,開標地點,是否訂有底價,履約地點
1,共杆,樞紐,高雄市政府工務局公園處,11501CA018,高雄市『三民綠十字生態樞紐營造計畫』-三民公園(第二期)改造工程,1,公開招標,工程類,115/05/08,115/05/21 17:00,"98,283,000元",https://web.pcc.gov.tw/prkms/urlSelector/common/tpam?pk=NzEyMDc2MzM=,3.97.11.5,高雄市政府工務局公園處公園工程科,802 高雄市 苓雅區 四維三路2號5樓,公園工程科 陳美君,(07) 3368333 #2377,chen2014@kcg.gov.tw,工程類 5137 - 運動及娛樂工程,查核金額以上未達巨額,自辦,最有利標,第一次公開招標,115/05/22 09:30,802高雄市苓雅區四維三路2號5樓本處開標室,否,高雄市(非原住民地區)
2,路燈,路燈,新竹市政府,115A060,115年新竹漁港路燈修繕及監視系統設置工程,1,公開招標,工程類,115/05/08,115/05/18 17:00,"13,899,997元",https://web.pcc.gov.tw/prkms/urlSelector/common/tpam?pk=NzEyMTUxOTI=,3.76.58,產業發展處,300 新竹市 北區 中正路120號,陳淮岷,(03) 5216121 #382,04898@ems.hccg.gov.tw,工程類 5169 - 其他安裝工程,公告金額以上未達查核金額,自辦,最低標,第一次公開招標,115/05/19 10:30,300新竹市中正路120號本府開標中心,是,新竹市(非原住民地區)
3,路燈,路燈,屏東縣枋寮鄉公所,115A11,115年度枋寮鄉路燈零星設置及修繕工程(開口契約),1,公開取得報價單或企劃書,工程類,115/05/08,115/05/13 17:00,"1,268,654元",https://web.pcc.gov.tw/prkms/urlSelector/common/tpam?pk=NzEyMTQ5NDc=,3.76.53.66,屏東縣枋寮鄉公所,940 屏東縣 枋寮鄉 枋寮村德興路36號,黃建耀,(08) 8782012 #35,flu49@mail.fangliau.gov.tw,工程類 5164 - 電力工程,未達公告金額,自辦,最低標,第一次公開取得,115/05/14 09:30,940屏東縣枋寮鄉保生村海邊路6號,是,屏東縣(非原住民地區)
4,路燈,路燈,花蓮縣吉安鄉公所,wu1150504,115年度全鄉路燈維修工程(開口契約)二期,1,公開招標,工程類,115/05/08,115/05/21 09:00,"4,000,575元",https://web.pcc.gov.tw/prkms/urlSelector/common/tpam?pk=NzEyMTQ5MDA=,3.76.55.55,花蓮縣吉安鄉公所建設課,973 花蓮縣 吉安鄉 吉安村吉安路二段116號,吳印浴,(03) 8523126 #120,wuw511@nt.ji-an.gov.tw,工程類 5164 - 電力工程,公告金額以上未達查核金額,自辦,最低標,第一次公開招標,115/05/21 10:00,973花蓮縣吉安鄉吉安村吉安路二段116號本所二樓簡報室(得視開標日廳舍使用情況調整開標地點),是,花蓮縣(原住民地區)
5,路燈,路燈,新竹市政府,115A059,115年新竹漁港路燈修繕及監視系統設置工程委託監造服務,1,公開取得報價單或企劃書,勞務類,115/05/08,115/05/18 17:00,"575,255元",https://web.pcc.gov.tw/prkms/urlSelector/common/tpam?pk=NzEyMTQ3NDc=,3.76.58,產業發展處,300 新竹市 北區 中正路120號,陳淮岷,(03) 5324900 #382,04898@ems.hccg.gov.tw,勞務類 522 - 土木工程施工服務,未達公告金額,自辦,參考最有利標精神,第一次公開取得,115/05/19 10:30,300新竹市中正路120號本府開標中心,是,新竹市(非原住民地區)
6,路燈,路燈,南投縣信義鄉公所,F115-2,114信義鄉投91線沿線路燈改善工程,1,公開招標,工程類,115/05/08,115/05/18 17:00,"1,794,500元",https://web.pcc.gov.tw/prkms/urlSelector/common/tpam?pk=NzEyMTQ2ODc=,3.76.48.62,道路養護所,556 南投縣 信義鄉 明德村玉山路四十七號,史靖可,(049) 2792487,buni2211@yahoo.com.tw,工程類 5169 - 其他安裝工程,公告金額以上未達查核金額,自辦,最低標,第一次公開招標,115/05/19 10:00,556南投縣信義鄉明德村玉山路四十七號,是,南投縣信義鄉(原住民地區)
7,路燈,路燈,雲林縣斗南鎮公所,115030,115年度斗南鎮轄內路燈增設、修繕遷移工程(開口契約),1,公開招標,工程類,115/05/08,115/05/21 09:00,"1,723,000元",https://web.pcc.gov.tw/prkms/urlSelector/common/tpam?pk=NzEyMTQ0NDY=,3.76.49.52,雲林縣斗南鎮公所公用課,630 雲林縣 斗南鎮 文昌路２００號,吳世杰,(05) 5973111 #133,bidding@mail.dounan.gov.tw,工程類 5159 - 其他專業工程,公告金額以上未達查核金額,自辦,最低標,第一次公開招標,115/05/21 09:30,本所3樓發包中心,是,雲林縣(非原住民地區)
8,路燈,路燈,嘉義縣六腳鄉公所,1150424,六腳鄉115年度轄內路燈新設、遷移、災害及緊急事故排除工程(開口契約),2,公開取得報價單或企劃書,工程類,115/05/08,115/05/12 09:00,"950,450元",https://web.pcc.gov.tw/prkms/urlSelector/common/tpam?pk=NzEyMTQxMjI=,3.76.50.58,嘉義縣六腳鄉公所,615 嘉義縣 六腳鄉 蒜頭村72號,沈柏宏,(05) 3801121 #231,cyhgcd72@mail.cyhg.gov.tw,工程類 5139 - 其他土木工程,未達公告金額,自辦,最低標,第二次及以後公開取得,115/05/12 10:00,本所三樓會議室,是,嘉義縣(非原住民地區)
9,路燈,路燈,國立屏東大學,115E02S,115年度民生校區路燈改善工程技術服務,1,公開取得報價單或企劃書,勞務類,115/05/08,115/05/14 17:00,"480,000元",https://web.pcc.gov.tw/prkms/urlSelector/common/tpam?pk=NzEyMTQxMDc=,A.9.6J,國立屏東大學,900 屏東縣 屏東市 民生路4-18號,郭泰億,(08) 7663800 #13409,terrykho@mail.nptu.edu.tw,勞務類 8672 - 工程服務,未達公告金額,自辦,參考最有利標精神,第一次公開取得,115/05/15 09:00,本校民生校區五育樓1樓營繕組辦公室,是,屏東縣(非原住民地區)
10,路燈,路燈,臺北市政府工務局公園路燈工程管理處,115C014,臺北市路燈換裝暨維護案（A項-B項）,1,公開招標,勞務類,115/05/08,115/05/19 09:20,"2,129,490,954元",https://web.pcc.gov.tw/prkms/urlSelector/common/tpam?pk=NzEyMDM4NDk=,3.79.11.3,路燈工程隊/工務科,100 臺北市 中正區 懷寧街109號,何明峰／謝紫筠,(02) 23815132 #372,db-13442@gov.taipei,勞務類 97 - 其他服務,巨額,自辦,最有利標,第一次公開招標,115/05/19 10:00,100004臺北市中正區懷寧街109號(本處開標室),否,臺北市(非原住民地區)
11,水情,下水道,苗栗縣政府,115089,「龍鳳排水分區雨水下水道新建工程」委託設計及監造技術服務,1,經公開評選或公開徵求之限制性招標,勞務類,115/05/08,115/05/15 17:00,"9,196,420元",https://web.pcc.gov.tw/prkms/urlSelector/common/tpam?pk=NzEyMDY0MTY=,3.76.45,水利處下水道科,360 苗栗縣 苗栗市 縣府路100號,楊景翔,(037) 375907,karta206@ems.miaoli.gov.tw,勞務類 8672 - 工程服務,公告金額以上未達查核金額,自辦,準用最有利標,第一次限制性招標,115/05/18 10:00,360苗栗縣苗栗市縣府路100號本府第一辦公大樓4樓水利處下水道科會議室,是,苗栗縣(非原住民地區)
12,空氣品質,空氣品質,南投縣政府環境保護局,115-014-01,115年度南投縣空氣品質管理計畫,1,經公開評選或公開徵求之限制性招標,勞務類,115/05/08,115/05/21 17:00,"8,300,000元",https://web.pcc.gov.tw/prkms/urlSelector/common/tpam?pk=NzEyMTQ2MzY=,3.76.48.3.6,空氣汙染防制科,540 南投縣 南投市 中興路660號,鄭汝真(採購內容)、楊逸婷(採購程序),(049) 2237530 #2220.1602,ntepb123@mail.ntepb.gov.tw,勞務類 94 - 污水及垃圾處理、公共衛生及其他環保服務,公告金額以上未達查核金額,自辦,準用最有利標,第一次限制性招標,115/05/22 10:00,本局3樓會議室(540南投縣南投市中興路660號C棟3樓),否,南投縣(非原住民地區)
13,班班（中小學）,冷氣,臺北市民族實驗國民中學,115006,115年度冷氣電改及能源管理系統(EMS)建置採購案,1,公開取得報價單或企劃書,財物類,115/05/12,115/05/12 17:00,"254,200元",https://web.pcc.gov.tw/prkms/urlSelector/common/tpam?pk=NzEyMTUyMjY=,3.79.6.95,臺北市民族實驗國民中學,106 臺北市 大安區 羅斯福路四段113巷13號,蔡景雯,(02) 27322935 #232,t468@mtjh.tp.edu.tw,財物類 462 - 電力傳輸、控制設備及其零件,未達公告金額,自辦,參考最有利標精神,第一次公開取得,115/05/13 11:00,本校後棟2樓會議室,否,臺北市(非原住民地區)
14,班班（中小學）,冷氣,嘉義縣梅山鄉梅北國民小學,115-0506,梅北國小115年度改善國民中小學校園環境－冷氣設置電力改善工程,1,公開招標,工程類,115/05/08,115/05/12 17:00,"170,000元",https://web.pcc.gov.tw/prkms/urlSelector/common/tpam?pk=NzEyMTQxNzM=,3.76.50.98.68,嘉義縣梅山鄉梅北國民小學,603 嘉義縣 梅山鄉 民生街1號,廖文銘,(05) 2626545,mbps@mail.cyc.edu.tw,工程類 5164 - 電力工程,未達公告金額,自辦,最低標,第一次公開招標,115/05/13 10:00,603嘉義縣梅山鄉民生街1號,是,嘉義縣(非原住民地區)
15,班班（中小學）,冷氣,高雄市立鹽埕國民中學,11502,體育館冷氣安裝額外項設備採購,1,公開取得報價單或企劃書,財物類,115/05/08,115/05/12 17:00,"698,400元",https://web.pcc.gov.tw/prkms/urlSelector/common/tpam?pk=NzEyMTA3ODY=,3.97.5.61,總務處,803 高雄市 鹽埕區 新樂街46號,黃組長,(07) 5211283 #33,chen6565@kcg.gov.tw,財物類 4391 - 氣體產生器; 蒸餾設備; 冷凍及空調設備; 過濾機具,未達公告金額,自辦,參考最有利標精神,第一次公開取得,115/05/13 08:30,本校二樓小會議室（高雄市鹽埕區新樂街46號）,是,高雄市(非原住民地區)
16,班班（中小學）,EMS,臺北市民族實驗國民中學,115006,115年度冷氣電改及能源管理系統(EMS)建置採購案,1,公開取得報價單或企劃書,財物類,115/05/12,115/05/12 17:00,"254,200元",https://web.pcc.gov.tw/prkms/urlSelector/common/tpam?pk=NzEyMTUyMjY=,3.79.6.95,臺北市民族實驗國民中學,106 臺北市 大安區 羅斯福路四段113巷13號,蔡景雯,(02) 27322935 #232,t468@mtjh.tp.edu.tw,財物類 462 - 電力傳輸、控制設備及其零件,未達公告金額,自辦,參考最有利標精神,第一次公開取得,115/05/13 11:00,本校後棟2樓會議室,否,臺北市(非原住民地區)
17,充電樁,充電,彰化縣埔心鄉公所,1150424,彰化縣埔心鄉公所115年度公務車(電動車含充電樁)採購案,2,公開招標,財物類,115/05/08,115/05/14 09:00,"1,950,000元",https://web.pcc.gov.tw/prkms/urlSelector/common/tpam?pk=NzEyMTQ5MDU=,3.76.47.67,行政課,513 彰化縣 埔心鄉 義民村員鹿路2段344號,賴瑩禎,(04) 8296249 #23,psf05@puxin.chcg.gov.tw,"財物類 491 - 機動車, 拖車, 半拖車; 車輛機件",公告金額以上未達查核金額,自辦,最有利標,第二次及以後公開招標,115/05/14 11:00,埔心鄉公所三樓開標室,否,彰化縣(非原住民地區)
18,充電樁,充電,國立高科實驗高級中等學校,NEHS-KH-115B-02,115學年度iPadOS作業系統平板電腦及行動充電車財物採購案,1,公開取得報價單或企劃書,財物類,115/05/08,115/05/15 17:00,"935,000元",https://web.pcc.gov.tw/prkms/urlSelector/common/tpam?pk=NzEyMTQ0ODM=,A.10.3J,國立高科實驗高級中等學校,811 高雄市 楠梓區 盛昌街161號,鄭兆伶,(07) 6120121 #402,a402@nehs.kh.edu.tw,財物類 452 - 計算機及其零件與配件,未達公告金額,自辦,最低標,第一次公開取得,115/05/18 10:00,國立高科實驗高級中等學校莊敬樓2樓會議室(高雄市楠梓區盛昌街161號),是,高雄市(非原住民地區)
19,充電樁,充電,台灣電力股份有限公司興達發電廠,3411500096,115年度興達電廠煤場充電機組及蓄電池組採購及安裝,2,公開招標,財物類,115/05/08,115/05/18 08:30,"13,230,000元",https://web.pcc.gov.tw/prkms/urlSelector/common/tpam?pk=NzEyMTQzNzA=,3.13.31.40,台灣電力股份有限公司興達發電廠供應組,828 高雄市 永安區 鹽田里興達路六號,盧郁文,(07) 6912811 #3356,u650731@taipower.com.tw,財物類 469 - 其他電力設備及零件,公告金額以上未達查核金額,自辦,最低標,第二次及以後公開招標,115/05/18 13:30,828高雄市永安區鹽田里興達路六號開標室,是,高雄市(非原住民地區)
20,充電樁,停車,臺北市停車管理工程處,1153035,115年度臺北市路邊停車費委託金融機構及電信業者代扣繳案,1,公開招標,勞務類,115/05/11,115/06/09 17:00,"17,226,000元",https://web.pcc.gov.tw/prkms/urlSelector/common/tpam?pk=NzEyMTQ1Njc=,3.79.53.9,營運科,110 臺北市 信義區 松德路300號6樓,蘇俐方,(02) 27590666 #6312,bw1082@gov.taipei,勞務類 865 - 管理顧問服務,巨額,自辦,最低標,第一次公開招標,115/06/10 14:00,110臺北市信義區松德路300號5樓第2會議室,是,臺北市(非原住民地區)
21,充電樁,停車,臺中市政府文化局,115039,臺中市屯區藝文中心停車場委託經營案,1,公開招標,勞務類,115/05/08,115/05/18 17:00,0元 預算金額為0理由：屬收入性質採購,https://web.pcc.gov.tw/prkms/urlSelector/common/tpam?pk=NzEyMTUwMDg=,3.87.33,臺中市政府文化局,407 臺中市 西屯區 臺灣大道三段99號惠中樓8樓,周啓堯,(04) 23921122 #107,mormon0227@taichung.gov.tw,勞務類 97 - 其他服務,公告金額以上未達查核金額,自辦,最高標,第一次公開招標,115/05/19 10:40,407臺中市西屯區臺灣大道三段99號惠中樓8樓,是,臺中市(非原住民地區)
22,充電樁,停車,南投縣埔里鎮公所,115070,合成里大坪頂停車空間營造工程,1,公開招標,工程類,115/05/08,115/05/20 17:00,"19,900,000元",https://web.pcc.gov.tw/prkms/urlSelector/common/tpam?pk=NzEyMDczMTI=,3.76.48.52,南投縣埔里鎮公所,545 南投縣 埔里鎮 中山路二段239號,吳秉叡,(049) 2984040 #137,bin037@mail.puli.gov.tw,工程類 5139 - 其他土木工程,公告金額以上未達查核金額,自辦,最低標,第一次公開招標,115/05/21 10:00,545南投縣埔里鎮中山路二段239號,是,南投縣(非原住民地區)
23,交通－ITS,號誌,新竹縣政府,1155300735,115年度交通號誌維修、新設工程（開口契約）,2,公開招標,工程類,115/05/08,115/05/13 09:00,"53,481,608元",https://web.pcc.gov.tw/prkms/urlSelector/common/tpam?pk=NzEyMTQ2MjU=,3.76.44,交通處,302 新竹縣 竹北市 光明六路10號,曾小姐,(03) 5518101 #2798,tsengyw@hchg.gov.tw,工程類 5159 - 其他專業工程,查核金額以上未達巨額,自辦,最低標,第二次及以後公開招標,115/05/13 09:30,新竹縣政府開標室（新竹縣竹北市光明六路10號前棟1樓）,是,新竹縣(非原住民地區)
24,交通－ITS,路口,嘉義市政府,115149,115年度易肇事路口改善工程(開口契約),1,公開招標,工程類,115/05/08,115/05/18 09:50,"6,192,924元",https://web.pcc.gov.tw/prkms/urlSelector/common/tpam?pk=NzEyMDk4NDI=,3.76.60,交通處,600 嘉義市 東區 中山路199號,交工科 游媖茹,(05) 2294581 #233,ying-ju@ems.chiayi.gov.tw,工程類 5139 - 其他土木工程,公告金額以上未達查核金額,自辦,最低標,第一次公開招標,115/05/18 10:30,嘉義市東區中山路199號本府7樓開標室,是,嘉義市(非原住民地區)
25,交通－ITS,交通,新竹縣政府,1155300735,115年度交通號誌維修、新設工程（開口契約）,2,公開招標,工程類,115/05/08,115/05/13 09:00,"53,481,608元",https://web.pcc.gov.tw/prkms/urlSelector/common/tpam?pk=NzEyMTQ2MjU=,3.76.44,交通處,302 新竹縣 竹北市 光明六路10號,曾小姐,(03) 5518101 #2798,tsengyw@hchg.gov.tw,工程類 5159 - 其他專業工程,查核金額以上未達巨額,自辦,最低標,第二次及以後公開招標,115/05/13 09:30,新竹縣政府開標室（新竹縣竹北市光明六路10號前棟1樓）,是,新竹縣(非原住民地區)
26,CCTV,監視系統,新竹市政府,115A060,115年新竹漁港路燈修繕及監視系統設置工程,1,公開招標,工程類,115/05/08,115/05/18 17:00,"13,899,997元",https://web.pcc.gov.tw/prkms/urlSelector/common/tpam?pk=NzEyMTUxOTI=,3.76.58,產業發展處,300 新竹市 北區 中正路120號,陳淮岷,(03) 5216121 #382,04898@ems.hccg.gov.tw,工程類 5169 - 其他安裝工程,公告金額以上未達查核金額,自辦,最低標,第一次公開招標,115/05/19 10:30,300新竹市中正路120號本府開標中心,是,新竹市(非原住民地區)
27,CCTV,監視系統,新竹市政府,115A059,115年新竹漁港路燈修繕及監視系統設置工程委託監造服務,1,公開取得報價單或企劃書,勞務類,115/05/08,115/05/18 17:00,"575,255元",https://web.pcc.gov.tw/prkms/urlSelector/common/tpam?pk=NzEyMTQ3NDc=,3.76.58,產業發展處,300 新竹市 北區 中正路120號,陳淮岷,(03) 5324900 #382,04898@ems.hccg.gov.tw,勞務類 522 - 土木工程施工服務,未達公告金額,自辦,參考最有利標精神,第一次公開取得,115/05/19 10:30,300新竹市中正路120號本府開標中心,是,新竹市(非原住民地區)
28,CCTV,偵測,交通部高速公路局北區養護工程分局,115B120P018,115-116年度國道1號高架路段濃霧偵測系統巡查維護及後續擴充工作,2,公開招標,勞務類,115/05/08,115/05/14 10:00,"9,502,303元",https://web.pcc.gov.tw/prkms/urlSelector/common/tpam?pk=NzEyMTUxMjE=,3.15.28.1,交通部高速公路局北區養護工程分局,114 臺北市 內湖區 成功路二段193巷12號,吳孟育,(02) 27936555 #2314,dariuswu@freeway.gov.tw,勞務類 522 - 土木工程施工服務,查核金額以上未達巨額,自辦,最低標,第二次及以後公開招標,115/05/14 14:00,114臺北市內湖區成功路2段193巷12號開標室,是,桃園市(非原住民地區)
29,CCTV,偵測,臺北市政府環境保護局環保稽查大隊,A11510,攜帶式五用氣體偵測器採購案,1,公開取得報價單或企劃書,財物類,115/05/08,115/05/13 17:00,"207,900元",https://web.pcc.gov.tw/prkms/urlSelector/common/tpam?pk=NzEyMTQzNzE=,3.79.15.6,臺北市政府環境保護局環保稽查大隊,103 臺北市 大同區 重慶北路3段347號4樓,呂小姐/簡先生,(02) 25923600 #319/285,ep4456@gov.taipei,財物類 482 - 做為測量、檢查、航行及其他目的用之儀器和裝置，除光學儀器; 工業程序控制設備; 上述各項之零件及附件,未達公告金額,自辦,最低標,第一次公開取得,115/05/14 10:00,103臺北市大同區重慶北路3段347號4樓會議室,是,臺北市(非原住民地區)
30,CCTV,偵測,勞動部勞動力發展署桃竹苗分署,115Y091,115年防爆型氣體偵測器(乙炔)及警報遮斷系統設置,2,公開取得報價單或企劃書,財物類,115/05/08,115/05/21 17:00,"171,150元",https://web.pcc.gov.tw/prkms/urlSelector/common/tpam?pk=NzEyMTQwODc=,A.17.2.2,秘書室,326 桃園市 楊梅區 秀才路八五一號,鐘先生(需求)/王先生(採購),(03) 4855368 #1631/2126,nb6596@wda.gov.tw,財物類 482 - 做為測量、檢查、航行及其他目的用之儀器和裝置，除光學儀器; 工業程序控制設備; 上述各項之零件及附件,未達公告金額,自辦,參考最有利標精神,第二次及以後公開取得,115/05/22 10:00,326桃園市楊梅區秀才路八五一號行政大樓4樓402會議室,是,桃園市(非原住民地區)
31,CCTV,偵測,國防部陸軍司令部,GM15127P127,偵測室總成報廢處理,4,公開取得報價單或企劃書,勞務類,115/05/08,115/05/12 17:00,"1,490,112元",https://web.pcc.gov.tw/prkms/urlSelector/common/tpam?pk=NzEyMTQwNDU=,3.5.47,陸軍兵工整備發展中心,552 南投縣 集集鎮 龍泉巷15號,招標組江士官長,(049) 2781711,armyordcpas@mail.mil.tw,勞務類 94 - 污水及垃圾處理、公共衛生及其他環保服務,未達公告金額,自辦,最低標,第二次及以後公開取得,115/05/13 09:00,南投縣集集鎮龍泉巷13號開標室,是,南投縣(非原住民地區)
32,CCTV,錄影,臺灣高等法院花蓮分院,HLH115002,115年度法官宿舍監視錄影系統數位化財物採購案,1,公開取得報價單或企劃書,財物類,115/05/08,115/05/19 17:30,"700,000元",https://web.pcc.gov.tw/prkms/urlSelector/common/tpam?pk=NzEyMTQwNTQ=,5.4.3,臺灣高等法院花蓮分院,970 花蓮縣 花蓮市 民權路127號,戴國安,(03) 8225116 #213,wispken@judicial.gov.tw,"財物類 483 - 光學儀器, 攝影設備及其零件與附件",未達公告金額,自辦,最低標,第一次公開取得,115/05/20 10:00,臺灣高等法院花蓮分院行政大樓二樓會議室（970花蓮縣花蓮市民權路127號）,是,花蓮縣(原住民地區)
33,CCTV,錄影,內政部警政署保安警察第一總隊,115SEC001,攝錄影暨剪輯設備採購案,1,公開取得報價單或企劃書,財物類,115/05/08,115/05/13 17:00,"595,000元",https://web.pcc.gov.tw/prkms/urlSelector/common/tpam?pk=NzEyMTIzNzc=,3.1.1.12,秘書室,112 臺北市 北投區 立農街二段301號,王美惠,(02) 28225900,wa-875@1spc.npa.gov.tw,財物類 451 - 辦公室及會計機器，其零件及附件,未達公告金額,自辦,最低標,第一次公開取得,115/05/14 15:00,臺北市北投區立農街2段301號(第二行政大樓2樓開標室),是,臺北市(非原住民地區)
34,ESG－淨零及節能,能效,國立自然科學博物館,115ed01,科博館既有建築物能效標示申請案,1,公開取得報價單或企劃書,勞務類,115/05/08,115/05/14 17:00,"280,000元",https://web.pcc.gov.tw/prkms/urlSelector/common/tpam?pk=NzEyMTQ4MTQ=,3.9.13,國立自然科學博物館,404 臺中市 北區 館前路1號,許技士/葉小姐,(04) 23226940 #730/708,d255@nmns.edu.tw,勞務類 8672 - 工程服務,未達公告金額,自辦,最低標,第一次公開取得,115/05/15 10:00,台中市北區館前路1號本館行政中心6樓工務科會議室(請由行政中心換證進入),是,臺中市(非原住民地區)
35,ESG－淨零及節能,能源,臺北市民族實驗國民中學,115006,115年度冷氣電改及能源管理系統(EMS)建置採購案,1,公開取得報價單或企劃書,財物類,115/05/12,115/05/12 17:00,"254,200元",https://web.pcc.gov.tw/prkms/urlSelector/common/tpam?pk=NzEyMTUyMjY=,3.79.6.95,臺北市民族實驗國民中學,106 臺北市 大安區 羅斯福路四段113巷13號,蔡景雯,(02) 27322935 #232,t468@mtjh.tp.edu.tw,財物類 462 - 電力傳輸、控制設備及其零件,未達公告金額,自辦,參考最有利標精神,第一次公開取得,115/05/13 11:00,本校後棟2樓會議室,否,臺北市(非原住民地區)
36,ESG－淨零及節能,能源,光田醫療社團法人光田綜合醫院,ktgh-1150508-00115010033,大甲院區發電機組汰換與智慧能源管理系統建置,1,公開招標,財物類,115/05/08,115/05/21 17:00,"26,000,000元",https://web.pcc.gov.tw/prkms/urlSelector/common/tpam?pk=NzEyMTQ1MTk=,45591655,光田醫療社團法人光田綜合醫院,433 臺中市 沙鹿區 向上路7段127號,李勝宏,(04) 26625111 #1417,ktgh.engineer@gmail.com,"財物類 461 - 電動機, 發電機, 變壓器及其附件",公告金額以上未達查核金額,補助,最有利標,第一次公開招標,115/05/21 17:30,433臺中市沙鹿區向上路7段127號,是,臺中市(非原住民地區)
37,ESG－淨零及節能,能源,台灣電力股份有限公司綜合研究所,5461500043,再生能源售電業購售業務精進策略1案,1,經公開評選或公開徵求之限制性招標,勞務類,115/05/08,115/05/21 17:00,"6,615,000元",https://web.pcc.gov.tw/prkms/urlSelector/common/tpam?pk=NzEyMDkzMTU=,3.13.32.45,台灣電力股份有限公司綜合研究所,100 臺北市 中正區 羅斯福路4段198號,鄭文彥(規範問題請洽謝小姐02-23601256),(02) 23601363,u158360@taipower.com.tw,勞務類 85 - 研發服務,公告金額以上未達查核金額,自辦,準用最有利標,第一次限制性招標,115/05/22 13:30,100臺北市中正區羅斯福路4段198號,是,臺北市(非原住民地區)
38,ESG－淨零及節能,節能,高雄市前鎮區公所,A11510,竹西里115年度自然生態參訪暨節能減碳宣導活動,1,公開取得報價單或企劃書,勞務類,115/05/08,115/05/15 17:30,"359,000元",https://web.pcc.gov.tw/prkms/urlSelector/common/tpam?pk=NzEyMTUyNjA=,3.97.59,高雄市前鎮區公所,806 高雄市 前鎮區 康定路151號2樓,蔡雅卉/王嘉琪,(07) 8215176 #268/219,wowyaya@kcg.gov.tw,勞務類 74 - 支援及輔助運輸服務,未達公告金額,自辦,參考最有利標精神,第一次公開取得,115/05/18 10:30,806高雄市前鎮區康定路151號2樓會議室,是,其他
39,ESG－淨零及節能,節能,高雄市前鎮區公所,A11511,瑞昌里115年度有鄰真好自然生態參訪暨節能減碳宣導活動,1,公開取得報價單或企劃書,勞務類,115/05/08,115/05/15 17:30,"539,800元",https://web.pcc.gov.tw/prkms/urlSelector/common/tpam?pk=NzEyMTUyMTg=,3.97.59,高雄市前鎮區公所,806 高雄市 前鎮區 康定路151號2樓,蔡雅卉/陳秀玲,(07) 8215176 #268/252,wowyaya@kcg.gov.tw,勞務類 74 - 支援及輔助運輸服務,未達公告金額,自辦,參考最有利標精神,第一次公開取得,115/05/18 14:00,806高雄市前鎮區康定路151號2樓會議室,是,其他
40,ESG－淨零及節能,節能,高雄市前鎮區公所,115026,忠純里115年度自然生態參訪暨節能減碳宣導活動,1,公開取得報價單或企劃書,勞務類,115/05/08,115/05/15 17:30,"655,260元",https://web.pcc.gov.tw/prkms/urlSelector/common/tpam?pk=NzEyMTQ4OTQ=,3.97.59,高雄市前鎮區公所,806 高雄市 前鎮區 康定路151號2樓,趙綠綺/許志銘,(07) 8215176 #204/230,green71@kcg.gov.tw,勞務類 74 - 支援及輔助運輸服務,未達公告金額,自辦,參考最有利標精神,第一次公開取得,115/05/18 09:00,806高雄市前鎮區康定路151號2樓會議室,是,其他
41,ESG－微電網及儲能,儲能,台灣中油股份有限公司,NEA151E002,綠能所-儲能材料之元素價態及拉曼成像分析檢測工作,2,公開招標,勞務類,115/05/08,115/05/14 17:00,"945,000元",https://web.pcc.gov.tw/prkms/urlSelector/common/tpam?pk=NzEyMTQ3Nzk=,3.13.50,採購處南部採購中心採購二組,811 高雄市 楠梓區 左楠路2號,莊正弘,(07) 5824141 #2632,265543@cpc.com.tw,勞務類 8676 - 技術檢定與分析服務,未達公告金額,自辦,最低標,第二次及以後公開招標,115/05/15 10:00,南部採購中心開標室（地址：高雄市楠梓區左楠路二號）,是,其他
42,ESG－微電網及儲能,電網,嘉義縣政府,115QL274,Danas-F-02-04-08嘉義縣過溝國小、義竹國中、東石國小、蒜頭國小小型防災微電網建置計畫,1,公開招標,財物類,115/05/11,115/05/26 09:00,"71,175,000元",https://web.pcc.gov.tw/prkms/urlSelector/common/tpam?pk=NzEyMTUwMzA=,3.76.50,經濟發展處,612 嘉義縣 太保市 祥和一路東段1號,產業發展科 黃馨慧,(05) 3620123 #8136,vivian@mail.cyhg.gov.tw,財物類 469 - 其他電力設備及零件,查核金額以上未達巨額,代辦,最有利標,第一次公開招標,115/05/26 10:00,本府開標室,否,嘉義縣(非原住民地區)
43,ESG－微電網及儲能,電網,嘉義縣政府,115QH272,「Danas-F-02-04-08嘉義縣過溝國小、義竹國中、東石國小、蒜頭國小小型防災微電網建置計畫」專案管理勞務採購案,1,經公開評選或公開徵求之限制性招標,勞務類,115/05/08,115/05/19 09:00,"1,825,000元",https://web.pcc.gov.tw/prkms/urlSelector/common/tpam?pk=NzEyMTQ4MDY=,3.76.50,經濟發展處,612 嘉義縣 太保市 祥和一路東段1號,產業發展科 黃馨慧,(05) 3620123 #8136,vivian@mail.cyhg.gov.tw,勞務類 8673 - 綜合工程服務,公告金額以上未達查核金額,代辦,準用最有利標,第一次限制性招標,115/05/19 10:00,本府開標室,否,嘉義縣(非原住民地區)
44,ESG－微電網及儲能,電網,彰化縣大村鄉公所,115-5547,Danas-F-02-04-04 彰化縣大村鄉加錫村及貢旗村聯合集會所活動中心、大村鄉公所小型防災微電網建置計畫,1,公開招標,財物類,115/05/08,115/05/22 09:20,"31,040,000元",https://web.pcc.gov.tw/prkms/urlSelector/common/tpam?pk=NzEyMTAxMzA=,3.76.47.65,彰化縣大村鄉公所,515 彰化縣 大村鄉 中正西路338號,建設課林筱蓓或行政課陳晢信,(04) 8520149 #125,shiaopei58@dacun.chcg.gov.tw,財物類 469 - 其他電力設備及零件,公告金額以上未達查核金額,代辦,最有利標,第一次公開招標,115/05/22 10:00,本所2樓禮堂,否,彰化縣(非原住民地區)
45,ESG－微電網及儲能,太陽,中華郵政股份有限公司,115-3-87,印製「太陽系行星郵票小全張」,1,選擇性招標(建立合格廠商名單後續邀標),勞務類,115/05/08,115/05/18 17:00,"6,500,000元",https://web.pcc.gov.tw/prkms/urlSelector/common/tpam?pk=NzEyMTQwMzA=,3.15.83,勞工安全衛生處,106 臺北市 大安區 金山南路2段55號,陳盈君,(02) 23214311 #2308,chenyinchun@mail.post.gov.tw,勞務類 884 - 附帶於製造業之服務(製造金屬產品、機械及設備除外),公告金額以上未達查核金額,自辦,最低標,第一次後續邀標,115/05/19 14:00,106409臺北市大安區金山南路2段55號3樓307室(開標室),是,新北市(非原住民地區)
46,ESG－微電網及儲能,再生能源,台灣電力股份有限公司綜合研究所,5461500043,再生能源售電業購售業務精進策略1案,1,經公開評選或公開徵求之限制性招標,勞務類,115/05/08,115/05/21 17:00,"6,615,000元",https://web.pcc.gov.tw/prkms/urlSelector/common/tpam?pk=NzEyMDkzMTU=,3.13.32.45,台灣電力股份有限公司綜合研究所,100 臺北市 中正區 羅斯福路4段198號,鄭文彥(規範問題請洽謝小姐02-23601256),(02) 23601363,u158360@taipower.com.tw,勞務類 85 - 研發服務,公告金額以上未達查核金額,自辦,準用最有利標,第一次限制性招標,115/05/22 13:30,100臺北市中正區羅斯福路4段198號,是,臺北市(非原住民地區)
47,IoT相關,通訊,新北大眾捷運股份有限公司,08A1504B001,環狀線骨幹通訊網路交換器採購,2,公開取得報價單或企劃書,財物類,115/05/08,115/05/14 17:00,"1,495,200元",https://web.pcc.gov.tw/prkms/urlSelector/common/tpam?pk=NzEyMTUwNjM=,3.82.37,新北大眾捷運股份有限公司,231 新北市 新店區 民權路280號,新北大眾捷運股份有限公司,(02) 22199333 #86368,1112M0421@ntmetro.com.tw,財物類 452 - 計算機及其零件與配件,未達公告金額,自辦,最低標,第二次及以後公開取得,115/05/15 16:00,231新北市新店區民權路280號(F437開標室),是,新北市(非原住民地區)
48,IoT相關,通訊,臺東縣政府,115201520117,新港國中--新建大樓通訊設備採購,1,公開取得報價單或企劃書,財物類,115/05/08,115/05/13 17:00,"273,500元",https://web.pcc.gov.tw/prkms/urlSelector/common/tpam?pk=NzEyMTQ4MTA=,3.76.54,臺東縣政府,950 臺東縣 臺東市 中山路276號,新港國中，承辦人：劉美珍小姐,(089) 851034 #156,koing228@gmail.com,"財物類 47 - 收音機、電視, 通訊器材及儀器",未達公告金額,代辦,參考最有利標精神,第一次公開取得,115/05/14 09:35,本府發包中心開標室,否,臺東縣成功鎮(原住民地區)
49,IoT相關,通訊,臺北大眾捷運股份有限公司,C15A03077,REMOTE I/O通訊模組採購,1,公開取得報價單或企劃書,財物類,115/05/08,115/05/13 17:00,,https://web.pcc.gov.tw/prkms/urlSelector/common/tpam?pk=NzEyMTQ3NzI=,3.79.62,供應處,104 臺北市 中山區 中山北路2段48巷7號2樓,系統處供電廠 沙泓宇,(02) 29363730 #3636,e01285@metro.taipei,財物類 462 - 電力傳輸、控制設備及其零件,未達公告金額,自辦,最低標,第一次公開取得,115/05/14 16:00,本機關4樓開標室,是,臺北市(非原住民地區)
50,IoT相關,AI,台灣基督長老教會馬偕醫療財團法人淡水馬偕紀念醫院,MMH2026-12001,雙「醫」AI智能社區健康管理平台系統 建置計畫案,2,公開招標,財物類,115/05/08,115/05/13 17:00,"1,800,000元",https://web.pcc.gov.tw/prkms/urlSelector/common/tpam?pk=NzEyMTUxMDU=,37401816,台灣基督長老教會馬偕醫療財團法人淡水馬偕紀念醫院,104 臺北市 中山區 民權路47號,陳儀芳,(02) 25433535 #3668,yifang.a102@mmh.org.tw,"財物類 481 - 醫療, 外科及矯形設備",公告金額以上未達查核金額,補助,最低標,第二次及以後公開招標,115/05/14 13:00,台北市中山區民生西路3巷9號11樓 (嘉新大樓後棟11樓會議室),是,新北市(非原住民地區)
51,IoT相關,AI,南臺學校財團法人南臺科技大學,11513000207,AI計算伺服器系統,1,公開取得報價單或企劃書,財物類,115/05/08,115/05/19 10:00,"520,000元",https://web.pcc.gov.tw/prkms/urlSelector/common/tpam?pk=NzEyMTQ3ODM=,3.10.90.19,機械系吳忠春分機3501,710 臺南市 永康區 南台街一號,總務處張資顯,(06) 2533131 #2301,jim820602@stust.edu.tw,財物類 452 - 計算機及其零件與配件,未達公告金額,補助,最低標,第一次公開取得,115/05/20 10:00,綜合大樓L003或異動指定地點,是,臺南市(非原住民地區)
52,IoT相關,AI,國立成功大學醫學院附設醫院,115AC018,敏求學院AI機器資訊機房空調擴建案,3,公開招標,財物類,115/05/08,115/05/13 09:00,"6,681,000元",https://web.pcc.gov.tw/prkms/urlSelector/common/tpam?pk=NzEyMTQ3NjU=,3.9.26.3,工務室,704 臺南市 北區 勝利路138號工務室,李有昇,(06) 2353535 #4977,n998673@mail.hosp.ncku.edu.tw,財物類 4391 - 氣體產生器; 蒸餾設備; 冷凍及空調設備; 過濾機具,公告金額以上未達查核金額,自辦,最低標,第二次及以後公開招標,115/05/13 10:00,704臺南市北區勝利路138號B1F工務室會議室,是,臺南市(非原住民地區)
53,IoT相關,AI,國立成功大學,115-05-041,NVIDIA DGX Spark (4TB SSD)桌上型AI伺服器壹台,1,公開取得電子報價單,財物類,115/05/08,115/05/19 10:00,"164,850元",https://web.pcc.gov.tw/prkms/urlSelector/common/tpam?pk=NzEyMTQ3MzM=,3.9.26,總務處,701 臺南市 東區 大學路1號,張哲文,(06) 2757575 #50572,z10401043@ncku.edu.tw,財物類 452 - 計算機及其零件與配件,未達公告金額,自辦,最低標,第一次公開取得,115/05/19 14:00,網路開標,是,臺南市(非原住民地區)
54,IoT相關,AI,臺中市立雙十國民中學,ssjh11504160002978600,115年臺中市立雙十國民中學校園安防安全整合及AI智能防護設備採購案,2,公開招標,財物類,115/05/08,115/05/14 17:00,"2,978,600元",https://web.pcc.gov.tw/prkms/urlSelector/common/tpam?pk=NzEyMTQwNjM=,3.87.5.52,臺中市立雙十國民中學,404 臺中市 北區 力行路258號,黃詩涵,(04) 22334445 #731,g04-02@cc.ssjh.tc.edu.tw,"財物類 483 - 光學儀器, 攝影設備及其零件與附件",公告金額以上未達查核金額,自辦,最低標,第二次及以後公開招標,115/05/15 09:30,本校行政樓2樓校史室(臺中市北區力行路258號),是,臺中市(非原住民地區)
55,IoT相關,AI,明新學校財團法人明新科技大學,2115041601,多媒體與遊戲發展系 元宇宙多人AI影像即時動捕與遊戲互動模擬教學展示系統採購案,1,公開招標,勞務類,115/05/08,115/05/20 17:00,"1,558,000元",https://web.pcc.gov.tw/prkms/urlSelector/common/tpam?pk=NzEyMTM4NjQ=,3.10.90.32,明新學校財團法人明新科技大學,304 新竹縣 新豐鄉 新興路1號,羅淑慧,(03) 5593142 #2416,lisa_lo@must.edu.tw,勞務類 842 - 軟體執行服務,公告金額以上未達查核金額,補助,最低標,第一次公開招標,115/05/21 15:30,304新竹縣新豐鄉新興路1號,是,新竹縣(非原住民地區)
56,IoT相關,AI,國立東華大學,No115-0004,AI伺服器軟硬體設備擴充,2,公開招標,財物類,115/05/08,115/05/12 17:00,"1,990,000元",https://web.pcc.gov.tw/prkms/urlSelector/common/tpam?pk=NzEyMTI5OTE=,3.9.38,總務處,974 花蓮縣 壽豐鄉 志學村大學路2段1號,黃俊傑,(03) 8906314,jack@gms.ndhu.edu.tw,財物類 452 - 計算機及其零件與配件,公告金額以上未達查核金額,自辦,最低標,第二次及以後公開招標,115/05/13 11:00,花蓮縣壽豐鄉志學村大學路2段1號(行政大樓103招標室),是,花蓮縣(原住民地區)
57,IoT相關,AI,高雄市立高雄高級工業職業學校,1153012,「AI手臂載具」及「加工處理平台」採購案,1,公開取得報價單或企劃書,財物類,115/05/08,115/05/13 17:00,"340,000元",https://web.pcc.gov.tw/prkms/urlSelector/common/tpam?pk=NzEyMTI5MDI=,3.97.5.31,高雄市立高雄高級工業職業學校,807 高雄市 三民區 建工路419號,薛志賢,(07) 3815366 #2282,ksvs2282@ksvs.kh.edu.tw,"財物類 442 - 工具機, 其零件及附件",未達公告金額,自辦,最低標,第一次公開取得,115/05/14 10:30,807高雄市三民區建工路419號(本校第三會議室),是,高雄市(非原住民地區)
58,IoT相關,AI,明新學校財團法人明新科技大學,2115043001,資工系AI運算與儲存整合建置案,1,公開招標,財物類,115/05/08,115/05/19 17:00,"2,496,000元",https://web.pcc.gov.tw/prkms/urlSelector/common/tpam?pk=NzEyMTE4MjU=,3.10.90.32,明新學校財團法人明新科技大學,304 新竹縣 新豐鄉 新興路1號,曾瑜方,(03) 5593142 #2415,yft@must.edu.tw,財物類 452 - 計算機及其零件與配件,公告金額以上未達查核金額,補助,最低標,第一次公開招標,115/05/20 14:00,304新竹縣新豐鄉新興路1號,是,新竹縣(非原住民地區)
59,IoT相關,AI,國立成功大學,115-03-021,高階AI運算設備建置壹式,1,公開招標,財物類,115/05/08,115/05/19 10:00,"44,300,000元",https://web.pcc.gov.tw/prkms/urlSelector/common/tpam?pk=NzExOTY0Nzg=,3.9.26,總務處,701 臺南市 東區 大學路1號,張哲文,(06) 2757575 #50571,z10401043@ncku.edu.tw,財物類 452 - 計算機及其零件與配件,公告金額以上未達查核金額,自辦,最低標,第一次公開招標,115/05/19 14:00,701臺南市東區大學路1號光復校區雲平大樓西棟地下一樓開標室,是,臺南市(非原住民地區)
60,IoT相關,人工智慧,高雄市立高雄女子高級中學,11509,高雄女中115年人工智慧運算工作站採購,1,公開取得報價單或企劃書,財物類,115/05/08,115/05/13 17:00,"460,000元",https://web.pcc.gov.tw/prkms/urlSelector/common/tpam?pk=NzEyMTM2NjA=,3.97.4.94,高雄市立高雄女子高級中學,801 高雄市 前金區 五福三路122號,鍾晟夫,(07) 2115410 #407,pafu23@kcg.gov.tw,財物類 452 - 計算機及其零件與配件,未達公告金額,自辦,參考最有利標精神,第一次公開取得,115/05/14 09:00,高雄女中(高雄市前金區五福三路122號)綜合大樓2樓中型會議室,是,高雄市(非原住民地區)
61,IoT相關,監控,新北大眾捷運股份有限公司,NTMC1140923,環狀線車站及機廠監控設備維護保養工作,3,公開招標,勞務類,115/05/08,115/05/18 17:00,"5,372,824元",https://web.pcc.gov.tw/prkms/urlSelector/common/tpam?pk=NzEyMTUxMjk=,3.82.37,新北大眾捷運股份有限公司,231 新北市 新店區 民權路280號,呂先生,(02) 22199333 #86384,AV8300@ntpc.gov.tw,勞務類 886 - 附帶於金屬產品、機械及設備維修之服務,公告金額以上未達查核金額,自辦,最低標,招標期限標準第八條第一項情形重行或續行第一次或以後各次招標,115/05/19 14:00,231新北市新店區民權路280號4樓4A會議室,是,新北市(非原住民地區)
62,IoT相關,監控,台灣電力股份有限公司桂山發電廠,2361500008,桂山電廠蓄電池組及電池監控系統汰換,2,公開招標,財物類,115/05/08,115/05/18 09:30,"3,675,000元",https://web.pcc.gov.tw/prkms/urlSelector/common/tpam?pk=NzEyMTQ2OTY=,3.13.31.62,台灣電力股份有限公司桂山發電廠,231 新北市 新店區 桂山路37號,黃馨慧,(02) 26667223 #744,u284113@taipower.com.tw,財物類 464 - 蓄電池、一次性電池及其零件,公告金額以上未達查核金額,自辦,最低標,第二次及以後公開招標,115/05/18 10:00,231新北市新店區桂山路37號,是,新北市(非原住民地區)
63,IoT相關,監控,經濟部產業園區管理局臺北分局,115115009,115年桃園幼獅產業園區數位監控系統雲端儲存租賃服務,1,經公開評選或公開徵求之限制性招標,勞務類,115/05/08,115/05/21 17:00,"5,473,272元",https://web.pcc.gov.tw/prkms/urlSelector/common/tpam?pk=NzEyMTQ2NTc=,A.13.8.1,經濟部桃園幼獅產業園區服務中心,326 桃園市 楊梅區 獅二路2號,邱淑芬,(03) 4641074 #6735,sfchiou@bip.gov.tw,勞務類 754 - 電信相關服務,公告金額以上未達查核金額,自辦,準用最有利標,第一次限制性招標,115/05/22 10:00,326桃園市楊梅區獅二路2號2樓第2會議室,是,桃園市(非原住民地區)
64,ESG－建研所補助,農業部水產試驗所,農業部水產試驗所,20260421,海水水塔新建工程,2,公開招標,工程類,115/05/08,115/05/19 09:00,"3,000,000元",https://web.pcc.gov.tw/prkms/urlSelector/common/tpam?pk=NzEyMTQ0ODc=,A.19.11,農業部水產試驗所東部漁業生物研究中心,961 臺東縣 成功鎮 五權路22號,吳瑞賢,(089) 850090 #404,jhwu@mail.tfrin.gov.tw,工程類 5154 - 混凝土工程,公告金額以上未達查核金額,自辦,最低標,第二次及以後公開招標,115/05/19 10:00,961臺東縣成功鎮五權路22號,是,臺東縣成功鎮(原住民地區)
65,ESG－建研所補助,國軍退除役官兵輔導委員會,國軍退除役官兵輔導委員會臺南榮譽國民之家,vhtn11501,臺南榮譽國民之家115-116年警衛人員勞務委外採購案,1,公開招標,勞務類,115/05/08,115/05/19 17:00,"5,781,600元",https://web.pcc.gov.tw/prkms/urlSelector/common/tpam?pk=NzEyMTUxNzE=,3.31.91,秘書室,701 臺南市 東區 裕永路555號,林麗郁,(06) 2690418 #11107,vhtn0449@mail5.vac.gov.tw,勞務類 873 - 調查及保安服務,公告金額以上未達查核金額,自辦,最低標,第一次公開招標,115/05/20 10:00,701臺南市東區裕永路555號平實養護園區大會議室,是,臺南市(非原住民地區)
66,ESG－建研所補助,國軍退除役官兵輔導委員會,國軍退除役官兵輔導委員會清境農場,115019,115清境農場3.5噸貨車採購案,1,公開取得報價單或企劃書,財物類,115/05/08,115/05/13 17:00,"1,000,000元",https://web.pcc.gov.tw/prkms/urlSelector/common/tpam?pk=NzEyMTQ4MTk=,3.31.13,觀光行政組,546 南投縣 仁愛鄉 大同村仁和路170號,王亮穎,(049) 2802222 #2242,cing.jing@msa.hinet.net,"財物類 491 - 機動車, 拖車, 半拖車; 車輛機件",未達公告金額,自辦,最低標,第一次公開取得,115/05/14 14:00,546南投縣仁愛鄉大同村仁和路170號（清境農場場部會議室）,是,南投縣仁愛鄉(原住民地區)
67,ESG－建研所補助,國軍退除役官兵輔導委員會,國軍退除役官兵輔導委員會臺東農場,115TF06,115年度臺東農場公務機車採購案,1,公開取得電子報價單,財物類,115/05/08,115/05/15 09:00,"255,000元",https://web.pcc.gov.tw/prkms/urlSelector/common/tpam?pk=NzEyMTQwMTg=,3.31.8,觀光行政組,958 臺東縣 池上鄉 新興村104號,錢質健,(089) 862241 #32,eric650412@yahoo.com.tw,財物類 499 - 其他運輸設備及其零件,未達公告金額,自辦,最低標,第一次公開取得,115/05/15 09:30,網路開標,是,臺東縣池上鄉(原住民地區)
68,ESG－建研所補助,國軍退除役官兵輔導委員會,國軍退除役官兵輔導委員會退除役官兵職業訓練中心,1150427,115年學員宿舍信義樓衛浴修繕工程採購案,1,公開招標,工程類,115/05/08,115/05/21 17:00,"5,173,382元",https://web.pcc.gov.tw/prkms/urlSelector/common/tpam?pk=NzEyMDk2NDI=,A.51.100.61,秘書室,330 桃園市 桃園區 成功路三段78號,顏俊賢,(03) 3321224 #605,ppippen1@mail.vtc.gov.tw,工程類 5177 - 室內裝潢工程,公告金額以上未達查核金額,自辦,最低標,第一次公開招標,115/05/22 10:00,330桃園市桃園區成功路三段78號(第一校區明覺樓會議室),是,桃園市(非原住民地區)
